precio,link,marca,titulo
"
                    $ 47.90                ,
                    $ 42.90                ",http://www.heb.com.mx/strohs-cerveza-light-355-ml-271861.html,STROHS,Cerveza Light 355 ml
$ 69.00,http://www.heb.com.mx/corona-cerveza-light-six-pack-tall-can-355-ml-273657.html,CORONA,Cerveza Light Six Pack Tall Can 355 ml
$ 165.00,http://www.heb.com.mx/miller-lite-cerveza-12-pack-nr-355-ml-273661.html,MILLER LITE,Cerveza 12 Pack Nr 355 ml
$ 55.90,http://www.heb.com.mx/fullers-cerveza-cerveza-inglesa-estilo-ale-500-ml-306310.html,FULLERS,Cerveza Cerveza Inglesa Estilo Ale 500 ml
$ 51.00,http://www.heb.com.mx/erdinger-cerveza-cerveza-alemana-trigo-oscur-500-ml-306315.html,ERDINGER,Cerveza Cerveza Alemana de Trigo Oscur 500 ml
$ 69.90,http://www.heb.com.mx/sapporo-cerveza-lata-650-ml-307577.html,SAPPORO,Cerveza Lata 650 ml
$ 163.00,http://www.heb.com.mx/coors-light-cerveza-doce-pack-media-nr-355-ml-307972.html,COORS LIGHT,Cerveza Doce Pack Media Nr 355 ml
$ 99.00,http://www.heb.com.mx/bohemia-cerveza-weizen-six-pack-med-nr-325-ml-309942.html,BOHEMIA,Cerveza Weizen Six Pack Med Nr 325 ml
$ 300.00,http://www.heb.com.mx/tecate-cerveza-light-24-pack-lata-355-ml-322857.html,TECATE,Cerveza Light 24 Pack Lata 355 ml
$ 51.00,http://www.heb.com.mx/erdinger-cerveza-weissbier-500-ml-326189.html,ERDINGER,Cerveza Weissbier 500 ml
$ 26.10,http://www.heb.com.mx/quilmes-cerveza-lager-argentina-340-ml-337111.html,QUILMES,Cerveza Lager Argentina 340 ml
$ 199.00,http://www.heb.com.mx/miller-lite-cerveza-18-pack-lata-355-ml-350448.html,MILLER LITE,Cerveza 18 Pack Lata 355 ml
$ 108.00,http://www.heb.com.mx/shiner-bock-cerveza-six-pack-nr-355-ml-35330.html,SHINER BOCK,Cerveza Six Pack Nr 355 ml
$ 41.50,http://www.heb.com.mx/tropical-cerveza-light-355-ml-355482.html,TROPICAL,Cerveza Light 355 ml
$ 75.00,http://www.heb.com.mx/miller-lite-cerveza-six-pack-lata-355-ml-35630.html,MILLER LITE,Cerveza Six Pack Lata 355 ml
$ 99.00,http://www.heb.com.mx/miller-mgd-cerveza-six-pack-nr-355-ml-35634.html,MILLER MGD,Cerveza Six Pack Nr 355 ml
$ 30.00,http://www.heb.com.mx/miller-lite-cerveza-lite-946-ml-35652.html,MILLER LITE,Cerveza Lite 946 ml
$ 78.00,http://www.heb.com.mx/coors-light-cerveza-six-pack-lata-355-ml-35675.html,COORS LIGHT,Cerveza Six Pack Lata 355 ml
$ 87.00,http://www.heb.com.mx/sol-cerveza-clamato-six-pack-355-ml-366256.html,SOL,Cerveza Clamato Six Pack 355 ml
$ 50.00,http://www.heb.com.mx/minerva-cerveza-imperial-tequila-ale-ita-660-ml-371758.html,MINERVA,Cerveza Imperial Tequila Ale Ita 660 ml
$ 29.90,http://www.heb.com.mx/hoegaarden-cerveza-belgica-hoegaarden-330-ml-394442.html,HOEGAARDEN,Cerveza Belgica Hoegaarden 330 ml
$ 20.90,http://www.heb.com.mx/minerva-cerveza-minerva-pale-ale-355ml-355-ml-401544.html,MINERVA,Cerveza Minerva Pale Ale 355ml 355 ml
$ 29.00,http://www.heb.com.mx/templarske-taje-cerveza-lager-nr-500-ml-527966.html,TEMPLARSKE TAJE,Cerveza Lager Nr 500 ml
$ 65.90,http://www.heb.com.mx/delirium-noctur-cerveza-delirium-nocturnum-330-ml-401545.html,DELIRIUM NOCTUR,Cerveza Delirium Nocturnum 330 ml
$ 90.00,http://www.heb.com.mx/miller-64-cerveza-six-pack-nr-355-ml-422058.html,MILLER 64,Cerveza Six Pack Nr 355 ml
$ 29.00,http://www.heb.com.mx/templarske-taje-cerveza-pivo-dark-nr-500-ml-528032.html,TEMPLARSKE TAJE,Cerveza Pivo Dark Nr 500 ml
$ 84.00,http://www.heb.com.mx/kloster-cerveza-light-12-pack-355-ml-531412.html,KLOSTER,Cerveza Light 12 Pack 355 ml
$ 44.00,http://www.heb.com.mx/goose-island-cerveza-matilda-belgian-style-pale-ale-355-ml-531443.html,GOOSE ISLAND,Cerveza Matilda Belgian Style Pale Ale 355 ml
$ 34.90,http://www.heb.com.mx/blue-point-cerveza-toasted-lager-355-ml-531451.html,BLUE POINT,Cerveza Toasted Lager 355 ml
$ 39.90,http://www.heb.com.mx/spaten-cerveza-munchen-500-ml-531467.html,SPATEN,Cerveza Munchen 500 ml
$ 39.90,http://www.heb.com.mx/franziskaner-cerveza-weissbier-500-ml-531469.html,FRANZISKANER,Cerveza Weissbier 500 ml
$ 28.90,http://www.heb.com.mx/affligem-cerveza-blonde-300-ml-531594.html,AFFLIGEM,Cerveza Blonde 300 ml
$ 21.00,http://www.heb.com.mx/regio-cerveza-lager-nr-355-ml-534342.html,REGIO,Cerveza Lager Nr 355 ml
$ 74.00,http://www.heb.com.mx/miller-high-lif-cerveza-nr-6pk-207-ml-535499.html,MILLER HIGH LIF,Cerveza Nr 6pk 207 ml
$ 78.00,http://www.heb.com.mx/tecate-cerveza-rojo-six-pack-lata-340-ml-8246.html,TECATE,Cerveza Rojo Six Pack Lata 340 ml
$ 84.00,http://www.heb.com.mx/xx-lager-cerveza-six-pack-lata-340-ml-8267.html,XX LAGER,Cerveza Six Pack Lata 340 ml
$ 119.00,http://www.heb.com.mx/miller-lite-cerveza-12-pack-lata-355-ml-93179.html,MILLER LITE,Cerveza 12 Pack Lata 355 ml
$ 81.00,http://www.heb.com.mx/coors-light-cerveza-six-pack-nr-355-ml-93185.html,COORS LIGHT,Cerveza Six Pack Nr 355 ml
$ 159.00,http://www.heb.com.mx/miller-mgd-cerveza-lata-12-pack-355-ml-93431.html,MILLER MGD,Cerveza Lata 12 Pack 355 ml
$ 59.00,http://www.heb.com.mx/chimay-cerveza-blanca-330-ml-504131.html,CHIMAY,Cerveza Blanca 330 ml
$ 55.00,http://www.heb.com.mx/fullers-cerveza-london-porter-500-ml-445878.html,FULLERS,Cerveza London Porter 500 ml
$ 78.90,http://www.heb.com.mx/old-milwaukee-cerveza-s-alcohol-six-pack-lata-355-ml-9414.html,OLD MILWAUKEE,Cerveza S/Alcohol Six Pack Lata 355 ml
$ 88.00,http://www.heb.com.mx/miller-lite-cerveza-six-pack-nr-355-ml-9747.html,MILLER LITE,Cerveza Six Pack Nr 355 ml
$ 108.00,http://www.heb.com.mx/shiner-cerveza-ruby-redbird-355-ml-485431.html,SHINER,Cerveza Ruby Redbird 355 ml
$ 64.00,http://www.heb.com.mx/shepherd-neame-cerveza-neame-1698-500-ml-527737.html,SHEPHERD NEAME,Cerveza Neame 1698 500 ml
$ 64.00,http://www.heb.com.mx/shepherd-neame-cerveza-india-pale-ale-500-ml-527739.html,SHEPHERD NEAME,Cerveza India Pale Ale 500 ml
$ 64.00,http://www.heb.com.mx/shepherd-neame-cerveza-canterbury-jack-500-ml-527742.html,SHEPHERD NEAME,Cerveza Canterbury Jack 500 ml
$ 64.00,http://www.heb.com.mx/shepherd-neame-cerveza-masterbrew-500-ml-527743.html,SHEPHERD NEAME,Cerveza Masterbrew 500 ml
$ 69.00,http://www.heb.com.mx/chimay-cerveza-azul-330-ml-504136.html,CHIMAY,Cerveza Azul 330 ml
$ 54.00,http://www.heb.com.mx/chimay-cerveza-roja-330-ml-504141.html,CHIMAY,Cerveza Roja 330 ml
$ 64.00,http://www.heb.com.mx/spitfire-cerveza-kentish-ale-500-ml-504464.html,SPITFIRE,Cerveza Kentish Ale 500 ml
$ 64.00,http://www.heb.com.mx/bishops-finger-cerveza-kentish-strong-ale-500-ml-504468.html,BISHOPS FINGER,Cerveza Kentish Strong Ale 500 ml
$ 64.00,http://www.heb.com.mx/whitstable-bay-cerveza-organic-ale-500-ml-504476.html,WHITSTABLE BAY,Cerveza Organic Ale 500 ml
$ 60.00,http://www.heb.com.mx/shepherd-neame-cerveza-double-stout-500-ml-504482.html,SHEPHERD NEAME,Cerveza Double Stout 500 ml
"
                    $ 132.00                ,
                    $ 99.00                ",http://www.heb.com.mx/budlight-cerveza-lime-rita-12-pack-237-ml-506485.html,BUDLIGHT,Cerveza Lime-A-Rita 12 Pack 237 ml
$ 55.00,http://www.heb.com.mx/erdinger-cerveza-pikantus-dunkel-weizenbrock-500-ml-445882.html,ERDINGER,Cerveza Pikantus Dunkel Weizenbrock 500 ml
$ 60.00,http://www.heb.com.mx/fullers-cerveza-honey-dew-500-ml-445885.html,FULLERS,Cerveza Honey Dew 500 ml
$ 260.00,http://www.heb.com.mx/corona-cerveza-extra-loose-24-pack-335-ml-448405.html,CORONA,Cerveza Extra Loose 24 Pack 335 ml
$ 84.00,http://www.heb.com.mx/tecate-titanium-cerveza-titanium-six-pack-355-ml-458413.html,TECATE TITANIUM,Cerveza Titanium Six Pack 355 ml
$ 89.90,http://www.heb.com.mx/ocho-reales-cerveza-ale-355-ml-460415.html,OCHO REALES,Cerveza Ale 355 ml
$ 88.00,http://www.heb.com.mx/miller-high-lif-cerveza-six-pack-355-ml-462554.html,MILLER HIGH LIF,Cerveza Six Pack 355 ml
$ 180.00,http://www.heb.com.mx/miller-mgd-cerveza-12-pack-nr-355-ml-462560.html,MILLER MGD,Cerveza 12 Pack Nr 355 ml
$ 90.90,http://www.heb.com.mx/sierra-madre-cerveza-pilsner-6-pack-355-ml-538486.html,SIERRA MADRE,Cerveza Pilsner 6 Pack 355 ml
"
                    $ 159.00                ,
                    $ 119.00                ",http://www.heb.com.mx/holland-cerveza-doce-pack-lata-330-ml-542134.html,HOLLAND,Cerveza Doce Pack Lata 330 ml
"
                    $ 132.00                ,
                    $ 99.00                ",http://www.heb.com.mx/budlight-cerveza-raz-ber-rita-12-pack-237-ml-506494.html,BUDLIGHT,Cerveza Raz-Ber-Rita 12 Pack 237 ml
"
                    $ 132.00                ,
                    $ 99.00                ",http://www.heb.com.mx/budlight-cerveza-straw-ber-rita-12-pack-237-ml-506501.html,BUDLIGHT,Cerveza Straw-Ber-Rita 12 Pack 237 ml
$ 118.00,http://www.heb.com.mx/damm-cerveza-free-250-ml-507306.html,DAMM,Cerveza Free 250 ml
$ 45.00,http://www.heb.com.mx/finisima-cerveza-ale-dorada-355-ml-509789.html,FINISIMA,Cerveza Ale Dorada 355 ml
$ 93.90,http://www.heb.com.mx/michelob-cerveza-ultra-six-pack-355-ml-509882.html,MICHELOB,Cerveza Ultra Six Pack 355 ml
"
                    $ 90.00                ,
                    $ 79.00                ",http://www.heb.com.mx/michelob-cerveza-ultra-six-lata-355-ml-517415.html,MICHELOB,Cerveza Ultra Six Lata 355 ml
$ 120.00,http://www.heb.com.mx/voll-damm-cerveza-six-pack-250-ml-518595.html,VOLL DAMM,Cerveza Six Pack 250 ml
$ 31.00,http://www.heb.com.mx/miller-mgd-cerveza-mgd-24-oz-709-ml-462563.html,MILLER MGD,Cerveza Mgd 24 oz 709 ml
$ 32.00,http://www.heb.com.mx/coors-light-cerveza-botella-32-oz-946-ml-470862.html,COORS LIGHT,Cerveza Botella 32 oz 946 ml
$ 99.00,http://www.heb.com.mx/indio-cerveza-six-16-oz-473-ml-470879.html,INDIO,Cerveza Six 16 oz 473 ml
"
                    $ 81.00                ,
                    $ 72.00                ",http://www.heb.com.mx/heineken-cerveza-six-pack-250-ml-477305.html,HEINEKEN,Cerveza Six Pack 250 ml
$ 79.90,http://www.heb.com.mx/trooper-cerveza-strong-bitter-500-ml-478613.html,TROOPER,Cerveza Strong Bitter 500 ml
$ 29.90,http://www.heb.com.mx/kirin-ichiban-cerveza-malta-355-ml-478622.html,KIRIN ICHIBAN,Cerveza Malta 355 ml
$ 125.00,http://www.heb.com.mx/stella-artois-cerveza-six-pack-330-ml-484094.html,STELLA ARTOIS,Cerveza Six Pack 330 ml
$ 45.00,http://www.heb.com.mx/voll-damm-cerveza-nr-660-ml-518600.html,VOLL DAMM,Cerveza Nr 660 ml
$ 33.90,http://www.heb.com.mx/samuel-adams-cerveza-boston-ale-355-ml-518610.html,SAMUEL ADAMS,Cerveza Boston Ale 355 ml
$ 29.90,http://www.heb.com.mx/killians-cerveza-nr-355-ml-519684.html,KILLIANS,Cerveza Nr 355 ml
$ 29.00,http://www.heb.com.mx/miller-high-lif-cerveza-946-ml-519796.html,MILLER HIGH LIF,Cerveza 946 ml
$ 29.00,http://www.heb.com.mx/miller-lite-cerveza-lata-946-ml-519815.html,MILLER LITE,Cerveza Lata 946 ml
$ 21.00,http://www.heb.com.mx/ocho-reales-cerveza-porter-nr-355-ml-521809.html,OCHO REALES,Cerveza Porter Nr 355 ml
$ 32.00,http://www.heb.com.mx/goose-island-cerveza-honkers-ale-355-ml-521847.html,GOOSE ISLAND,Cerveza Honkers Ale 355 ml
$ 14.00,http://www.heb.com.mx/holland-cerveza-individual-330-ml-484370.html,HOLLAND,Cerveza Individual 330 ml
$ 299.00,http://www.heb.com.mx/holland-cerveza-caja-330-ml-484384.html,HOLLAND,Cerveza Caja 330 ml
$ 29.00,http://www.heb.com.mx/weiss-damm-cerveza-bavaria-330-ml-485236.html,WEISS DAMM,Cerveza Bavaria 330 ml
$ 24.00,http://www.heb.com.mx/saaz-cerveza-premium-damm-330-ml-485271.html,SAAZ,Cerveza Premium Damm 330 ml
$ 39.00,http://www.heb.com.mx/malafacha-cerveza-munich-helles-330-ml-490225.html,MALAFACHA,Cerveza Munich Helles 330 ml
$ 232.50,http://www.heb.com.mx/stella-artois-cerveza-12-pack-330-ml-491165.html,STELLA ARTOIS,Cerveza 12 Pack 330 ml
$ 31.50,http://www.heb.com.mx/inedit-cerveza-330-ml-497808.html,INEDIT,Cerveza 330 ml
$ 125.00,http://www.heb.com.mx/corona-cerveza-tall-can-12-pack-355-ml-501393.html,CORONA,Cerveza Tall Can 12 Pack 355 ml
$ 50.00,http://www.heb.com.mx/erdinger-cerveza-alcohol-500-ml-527522.html,ERDINGER,Cerveza sin Alcohol 500 ml
$ 47.00,http://www.heb.com.mx/paulaner-cerveza-weissbier-alcohol-500-ml-527846.html,PAULANER,Cerveza Weissbier sin Alcohol 500 ml
$ 19.00,http://www.heb.com.mx/ocho-reales-cerveza-nr-355-ml-504127.html,OCHO REALES,Cerveza Nr 355 ml
$ 30.00,http://www.heb.com.mx/miller-high-lif-cerveza-high-life-946-ml-102016.html,MILLER HIGH LIF,Cerveza High Life 946 ml
$ 149.00,http://www.heb.com.mx/budlight-cerveza-doce-pack-lata-355-ml-147312.html,BUDLIGHT,Cerveza Doce Pack Lata 355 ml
$ 59.00,http://www.heb.com.mx/corona-cerveza-six-pack-barrilito-nr-325-ml-157814.html,CORONA,Cerveza Six Pack Barrilito Nr 325 ml
$ 69.00,http://www.heb.com.mx/pacifico-cerveza-six-pack-lata-340-ml-166205.html,PACIFICO,Cerveza Six Pack Lata 340 ml
"
                    $ 102.00                ,
                    $ 95.00                ",http://www.heb.com.mx/heineken-cerveza-six-pack-355-ml-nr-166796.html,HEINEKEN,Cerveza Six Pack 355 ml Nr
$ 225.00,http://www.heb.com.mx/tecate-cerveza-rojo-lata-18-pack-325-ml-169399.html,TECATE,Cerveza Rojo Lata 18 Pack 325 ml
$ 225.00,http://www.heb.com.mx/tecate-cerveza-light-lata-18-pack-325-ml-169400.html,TECATE,Cerveza Light Lata 18 Pack 325 ml
$ 81.00,http://www.heb.com.mx/sol-cerveza-six-pack-nr-325-ml-179981.html,SOL,Cerveza Six Pack Nr 325 ml
$ 129.00,http://www.heb.com.mx/coors-light-cerveza-doce-pack-lata-355-ml-202462.html,COORS LIGHT,Cerveza Doce Pack Lata 355 ml
$ 87.00,http://www.heb.com.mx/xx-lager-cerveza-media-six-pack-nr-340-ml-207942.html,XX LAGER,Cerveza Media Six Pack Nr 340 ml
$ 149.00,http://www.heb.com.mx/modelo-cerveza-especial-12-pack-refrichelador-340-ml-212726.html,MODELO,Cerveza Especial 12 Pack Refrichelador 340 ml
$ 75.00,http://www.heb.com.mx/victoria-cerveza-media-six-pack-nr-325-ml-213297.html,VICTORIA,Cerveza Media Six Pack Nr 325 ml
$ 75.00,http://www.heb.com.mx/pacifico-cerveza-media-six-pack-nr-325-ml-213299.html,PACIFICO,Cerveza Media Six Pack Nr 325 ml
$ 69.00,http://www.heb.com.mx/corona-cerveza-clara-six-pack-lata-340-ml-218190.html,CORONA,Cerveza Clara Six Pack Lata 340 ml
$ 81.00,http://www.heb.com.mx/indio-cerveza-media-six-pack-nr-325-ml-218376.html,INDIO,Cerveza Media Six Pack Nr 325 ml
$ 19.90,http://www.heb.com.mx/minerva-cerveza-viena-oscura-nr-355-ml-237032.html,MINERVA,Cerveza Viena Oscura Nr 355 ml
$ 19.90,http://www.heb.com.mx/minerva-cerveza-colonial-clara-nr-355-ml-237034.html,MINERVA,Cerveza Colonial Clara Nr 355 ml
$ 289.00,http://www.heb.com.mx/heineken-cerveza-draughtkeg-5-lt-237839.html,HEINEKEN,Cerveza Draughtkeg 5 lt
$ 87.00,http://www.heb.com.mx/xx-lager-cerveza-ambar-six-nr-355-ml-241419.html,XX LAGER,Cerveza Ambar Six Nr 355 ml
$ 78.00,http://www.heb.com.mx/sol-cerveza-cero-six-pack-lata-355-ml-241895.html,SOL,Cerveza Cero Six Pack Lata 355 ml
$ 99.00,http://www.heb.com.mx/bohemia-cerveza-six-pack-bohemia-obscura-media-355-ml-246710.html,BOHEMIA,Cerveza Six Pack Bohemia Obscura Media 355 ml
$ 150.00,http://www.heb.com.mx/sol-cerveza-12-pack-lata-355-ml-246713.html,SOL,Cerveza 12 Pack Lata 355 ml
$ 184.00,http://www.heb.com.mx/heineken-cerveza-botella-12-pack-335ml-355-ml-256425.html,HEINEKEN,Cerveza Botella 12 Pack 335ml 355 ml
"
                    $ 47.90                ,
                    $ 42.90                ",http://www.heb.com.mx/strohs-cerveza-clara-355-ml-271859.html,STROHS,Cerveza Clara 355 ml
$ 24.50,http://www.heb.com.mx/damm-cerveza-limon-330-ml-485274.html,DAMM,Cerveza Limon 330 ml
$ 36.50,http://www.heb.com.mx/ac-dc-cerveza-lata-568-ml-550646.html,AC/DC,Cerveza Lata 568 ml
$ 155.00,http://www.heb.com.mx/chimay-cerveza-premiere-750-ml-504143.html,CHIMAY,Cerveza Premiere 750 ml
$ 169.00,http://www.heb.com.mx/chimay-cerveza-cinq-cents-750-750-ml-504146.html,CHIMAY,Cerveza Cinq Cents 750 750 ml
$ 179.00,http://www.heb.com.mx/chimay-cerveza-grande-reserve-750-ml-504149.html,CHIMAY,Cerveza Grande Reserve 750 ml
$ 20.00,http://www.heb.com.mx/damm-cerveza-limon-alcohol-330-ml-527913.html,DAMM,Cerveza Limon sin Alcohol 330 ml
$ 29.90,http://www.heb.com.mx/lowenbrau-cerveza-alemana-330-ml-326185.html,LOWENBRAU,Cerveza Alemana 330 ml
$ 39.90,http://www.heb.com.mx/paulaner-cerveza-salvator-330-ml-342963.html,PAULANER,Cerveza Salvator 330 ml
$ 29.90,http://www.heb.com.mx/blue-moon-cerveza-belgian-white-355-ml-443971.html,BLUE MOON,Cerveza Belgian White 355 ml
$ 256.00,http://www.heb.com.mx/stella-artois-cerveza-12-pack-edicion-navidad-330-ml-557254.html,STELLA ARTOIS,Cerveza 12 Pack Edicion Navidad 330 ml
$ 150.00,http://www.heb.com.mx/tecate-cerveza-light-lata-12-pack-340-ml-154478.html,TECATE,Cerveza Light Lata 12 Pack 340 ml
$ 57.00,http://www.heb.com.mx/superior-cerveza-media-six-pack-nr-340-ml-196398.html,SUPERIOR,Cerveza Media Six Pack Nr 340 ml
$ 157.00,http://www.heb.com.mx/indio-cerveza-media-nr-12-pack-355-ml-260532.html,INDIO,Cerveza Media Nr 12 Pack 355 ml
$ 79.00,http://www.heb.com.mx/budlight-cerveza-six-pack-lata-355-ml-40451.html,BUDLIGHT,Cerveza Six Pack Lata 355 ml
$ 75.00,http://www.heb.com.mx/modelo-cerveza-especial-six-pack-lata-340-ml-40707.html,MODELO,Cerveza Especial Six Pack Lata 340 ml
$ 78.00,http://www.heb.com.mx/tecate-cerveza-light-six-pack-lata-340-ml-8250.html,TECATE,Cerveza Light Six Pack Lata 340 ml
$ 24.90,http://www.heb.com.mx/michelob-cerveza-light-355-ml-451664.html,MICHELOB,Cerveza Light 355 ml
$ 33.50,http://www.heb.com.mx/tennent-s-cerveza-extra-330-ml-485957.html,TENNENT S,Cerveza Extra 330 ml
$ 24.50,http://www.heb.com.mx/a-k-cerveza-damm-330-ml-500640.html,A.K.,Cerveza Damm 330 Ml. 330 ml
$ 25.00,http://www.heb.com.mx/michelob-cerveza-amberbock-355-ml-504156.html,MICHELOB,Cerveza Amberbock 355 ml
$ 29.90,http://www.heb.com.mx/fortune-cerveza-nr-355-ml-518604.html,FORTUNE,Cerveza Nr 355 ml
$ 29.90,http://www.heb.com.mx/budweiser-cerveza-select-355-ml-519685.html,BUDWEISER,Cerveza Select 355 ml
$ 35.00,http://www.heb.com.mx/pistonhead-cerveza-kustom-lager-330-ml-527901.html,PISTONHEAD,Cerveza Kustom Lager 330 ml
$ 60.00,http://www.heb.com.mx/carta-blanca-cerveza-quitapon-six-pack-nr-325-ml-8259.html,CARTA BLANCA,Cerveza Quitapon Six Pack Nr 325 ml
$ 150.00,http://www.heb.com.mx/tecate-cerveza-rojo-lata-12-pack-340-ml-8266.html,TECATE,Cerveza Rojo Lata 12 Pack 340 ml
$ 55.00,http://www.heb.com.mx/carta-blanca-cerveza-clara-six-pack-lata-335-ml-8269.html,CARTA BLANCA,Cerveza Clara Six Pack Lata 335 ml
"
                    $ 99.00                ,
                    $ 78.00                ",http://www.heb.com.mx/heineken-cerveza-six-pack-lata-330-ml-163697.html,HEINEKEN,Cerveza Six Pack Lata 330 ml
$ 20.90,http://www.heb.com.mx/minerva-cerveza-stout-imperial-355-ml-269330.html,MINERVA,Cerveza Stout Imperial 355 ml
$ 38.00,http://www.heb.com.mx/guinness-cerveza-lata-440-ml-307381.html,GUINNESS,Cerveza Lata 440 ml
$ 33.00,http://www.heb.com.mx/becks-cerveza-alemana-330-ml-326188.html,BECKS,Cerveza Alemana 330 ml
$ 79.00,http://www.heb.com.mx/grober-cerveza-pilsner-six-pack-330-ml-528037.html,GROBER,Cerveza Pilsner Six Pack 330 ml
$ 32.00,http://www.heb.com.mx/goose-island-cerveza-india-pale-ale-355-ml-531421.html,GOOSE ISLAND,Cerveza India Pale Ale 355 ml
$ 32.00,http://www.heb.com.mx/goose-island-cerveza-312-urban-pale-ale-355-ml-531430.html,GOOSE ISLAND,Cerveza 312 Urban Pale Ale 355 ml
$ 32.00,http://www.heb.com.mx/goose-island-cerveza-312-urban-wheat-ale-355-ml-531435.html,GOOSE ISLAND,Cerveza 312 Urban Wheat Ale 355 ml
$ 44.00,http://www.heb.com.mx/goose-island-cerveza-sofie-belgian-style-farm-355-ml-531437.html,GOOSE ISLAND,Cerveza Sofie Belgian Style Farm 355 ml
$ 34.90,http://www.heb.com.mx/blue-point-cerveza-blueberry-ale-355-ml-531448.html,BLUE POINT,Cerveza Blueberry Ale 355 ml
$ 16.90,http://www.heb.com.mx/miller-cerveza-best-ice-indiv-355-ml-538493.html,MILLER,Cerveza Best Ice Indiv. 355 ml
$ 119.00,http://www.heb.com.mx/leon-cerveza-nr-12-pack-325-ml-357056.html,LEON,Cerveza Nr 12 Pack 325 ml
$ 108.00,http://www.heb.com.mx/shiner-bock-cerveza-six-pack-lata-355-ml-366898.html,SHINER BOCK,Cerveza Six Pack Lata 355 ml
$ 42.90,http://www.heb.com.mx/sapporo-cerveza-draft-nr-japonesa-355-ml-407885.html,SAPPORO,Cerveza Draft Nr Japonesa 355 ml
$ 27.90,http://www.heb.com.mx/cucapa-cerveza-honey-355-ml-418252.html,CUCAPA,Cerveza Honey 355 ml
$ 108.00,http://www.heb.com.mx/shiner-cerveza-light-blonde-six-pack-99-calor-355-ml-430446.html,SHINER,Cerveza Light Blonde Six Pack 99 Calor 355 ml
$ 25.50,http://www.heb.com.mx/michelob-cerveza-us-lager-nr-355-ml-443975.html,MICHELOB,Cerveza Us Lager Nr 355 ml
$ 29.00,http://www.heb.com.mx/tijuana-cerveza-morena-355-ml-447195.html,TIJUANA,Cerveza Morena 355 ml
$ 45.00,http://www.heb.com.mx/kloster-cerveza-light-six-pack-lata-340-ml-179323.html,KLOSTER,Cerveza Light Six Pack Lata 340 ml
$ 99.00,http://www.heb.com.mx/bohemia-cerveza-bohemia-media-nr-6-pack-325-ml-243265.html,BOHEMIA,Cerveza Bohemia Media Nr 6 Pack 325 ml
$ 27.90,http://www.heb.com.mx/cucapa-cerveza-artesanal-355-ml-447912.html,CUCAPA,Cerveza Artesanal 355 ml
$ 25.00,http://www.heb.com.mx/voll-damm-cerveza-doble-malta-330-ml-485176.html,VOLL DAMM,Cerveza Doble Malta 330 ml
$ 169.00,http://www.heb.com.mx/xx-lager-cerveza-12-pack-media-nr-355-ml-391713.html,XX LAGER,Cerveza 12 Pack Media Nr 355 ml
